<?xml version="1.0" encoding="windows-1252"?>
<!--  This file conforms to the DTD xdc/bld/build.dtd -->
<package name="xconfig_UIA_StopMode" version="" producerId="undefined">
    <units>
    </units>
    <sources>
        <srcFile name="package/cfg/UIA_StopMode_pe674.c"/>
    </sources>
    <configscripts>
        <srcFile name="C:/Users/aboud/workspace_v11/Heartbeat_VS_BreathSound_FinalProject/UIA_StopMode.cfg"/>
    </configscripts>
    <makefiles>
        <srcFile name="package.mak" src="package.bld"/>
        <srcFile name="package/package.xdc.dep" src="package.xdc"/>
        <srcFile name="package/cfg/UIA_StopMode_pe674.mak" src="package.bld"/>
        <srcFile name="package/cfg/UIA_StopMode_pe674.oe674.dep" src="package/cfg/UIA_StopMode_pe674.c"/>
        <srcFile name="package/cfg/UIA_StopMode_pe674.dep" src="package/cfg/UIA_StopMode_pe674.cfg"/>
        <srcFile name="package/cfg/UIA_StopMode.xe674.mak" src="package.bld"/>
        <srcFile name="package/rel/xconfig_UIA_StopMode.tar.dep" src="package/rel/xconfig_UIA_StopMode.xdc.inc"/>
    </makefiles>
    <targets>
        <target name="ti.targets.elf.C674"
            version="ti.targets.elf.C674{1,0,8.3,11"
            rawVersion="8.3.11"
            platform="ti.platforms.evmDA830"
            isa="674"
            suffix="e674"
            rootDir="C:/ti/ccs1100/ccs/tools/compiler/ti-cgt-c6000_8.3.11"
            os="undefined"
            rts="ti.targets.rts6000">
            <model endian="little"
                codeModel="undefined"
                dataModel="undefined"/>
        </target>
    </targets>
    <libraries>
    </libraries>
    <configurations>
    <configuration name="UIA_StopMode"
        pname="UIA_StopMode.pe674"
        target="ti.targets.elf.C674"
        platform="ti.platforms.evmOMAPL138"
        profile="release"
        isPartial="false"
        xCfgScript="package/cfg/UIA_StopMode_pe674.cfg"
        xCfgPrefix="package/cfg/UIA_StopMode_pe674"
        cfgScript="C:/Users/aboud/workspace_v11/Heartbeat_VS_BreathSound_FinalProject/UIA_StopMode.cfg"
        cfgArgs="null"
        />
    </configurations>
    <executables>
    <executable name="UIA_StopMode"
        pname="UIA_StopMode.xe674"
        target="ti.targets.elf.C674"
        platform="ti.platforms.evmOMAPL138"
        profile="release"
        xCfgScript="package/cfg/UIA_StopMode_pe674.cfg"
        xCfgPrefix="package/cfg/UIA_StopMode_pe674"
        cfgScript="C:/Users/aboud/workspace_v11/Heartbeat_VS_BreathSound_FinalProject/UIA_StopMode.cfg"
        cfgArgs="null"
        />
    </executables>
    <tests>
    <test exeName="UIA_StopMode.xe674"
        args=""
        groupName="UIA_StopMode.xe674"
        refOutput="undefined"
        refExitCode="0"
        execArgs=""
        />
    </tests>
    <releases relDir="package/rel/">
    <release name="xconfig_UIA_StopMode"
        pname="xconfig_UIA_StopMode.tar"
        label="default"
    >
        <file name="package/package.bld.xml"/>
        <file name="package/build.cfg"/>
        <file name="package/package.xdc.inc"/>
    </release>
    </releases>
    <repositories>
    </repositories>
</package>
