<?xml version="1.0" encoding="windows-1255"?>
<!--  This file conforms to the DTD xdc/bld/build.dtd -->
<package name="xconfig_stairstep_JTAGStopMode" version="" producerId="undefined">
    <units>
    </units>
    <sources>
        <srcFile name="package/cfg/stairstep_JTAGStopMode_pe674.c"/>
    </sources>
    <configscripts>
        <srcFile name="C:/ti/workspace_v11/UIA_StairBase_StopMode_Template/stairstep_JTAGStopMode.cfg"/>
    </configscripts>
    <makefiles>
        <srcFile name="package.mak" src="package.bld"/>
        <srcFile name="package/package.xdc.dep" src="package.xdc"/>
        <srcFile name="package/cfg/stairstep_JTAGStopMode_pe674.mak" src="package.bld"/>
        <srcFile name="package/cfg/stairstep_JTAGStopMode_pe674.oe674.dep" src="package/cfg/stairstep_JTAGStopMode_pe674.c"/>
        <srcFile name="package/cfg/stairstep_JTAGStopMode_pe674.dep" src="package/cfg/stairstep_JTAGStopMode_pe674.cfg"/>
        <srcFile name="package/cfg/stairstep_JTAGStopMode.xe674.mak" src="package.bld"/>
        <srcFile name="package/rel/xconfig_stairstep_JTAGStopMode.tar.dep" src="package/rel/xconfig_stairstep_JTAGStopMode.xdc.inc"/>
    </makefiles>
    <targets>
        <target name="ti.targets.elf.C674"
            version="ti.targets.elf.C674{1,0,8.3,12"
            rawVersion="8.3.12"
            platform="ti.platforms.evmDA830"
            isa="674"
            suffix="e674"
            rootDir="C:/ti/ccs1100/ccs/tools/compiler/ti-cgt-c6000_8.3.12"
            os="undefined"
            rts="ti.targets.rts6000">
            <model endian="little"
                codeModel="undefined"
                dataModel="undefined"/>
        </target>
    </targets>
    <libraries>
    </libraries>
    <configurations>
    <configuration name="stairstep_JTAGStopMode"
        pname="stairstep_JTAGStopMode.pe674"
        target="ti.targets.elf.C674"
        platform="ti.platforms.evmOMAPL138"
        profile="release"
        isPartial="false"
        xCfgScript="package/cfg/stairstep_JTAGStopMode_pe674.cfg"
        xCfgPrefix="package/cfg/stairstep_JTAGStopMode_pe674"
        cfgScript="C:/ti/workspace_v11/UIA_StairBase_StopMode_Template/stairstep_JTAGStopMode.cfg"
        cfgArgs="null"
        />
    </configurations>
    <executables>
    <executable name="stairstep_JTAGStopMode"
        pname="stairstep_JTAGStopMode.xe674"
        target="ti.targets.elf.C674"
        platform="ti.platforms.evmOMAPL138"
        profile="release"
        xCfgScript="package/cfg/stairstep_JTAGStopMode_pe674.cfg"
        xCfgPrefix="package/cfg/stairstep_JTAGStopMode_pe674"
        cfgScript="C:/ti/workspace_v11/UIA_StairBase_StopMode_Template/stairstep_JTAGStopMode.cfg"
        cfgArgs="null"
        />
    </executables>
    <tests>
    <test exeName="stairstep_JTAGStopMode.xe674"
        args=""
        groupName="stairstep_JTAGStopMode.xe674"
        refOutput="undefined"
        refExitCode="0"
        execArgs=""
        />
    </tests>
    <releases relDir="package/rel/">
    <release name="xconfig_stairstep_JTAGStopMode"
        pname="xconfig_stairstep_JTAGStopMode.tar"
        label="default"
    >
        <file name="package/package.bld.xml"/>
        <file name="package/build.cfg"/>
        <file name="package/package.xdc.inc"/>
    </release>
    </releases>
    <repositories>
    </repositories>
</package>
